"","Cara","Coroa","nCara","nCoroa","Vencedor"
"1",1,NA,1,NA,NA
"2",1,NA,2,NA,NA
"3",1,NA,3,NA,NA
"4",0.75,0.25,3,1,"Cara"
"5",0.6,0.4,3,2,"Cara"
"6",0.666666666666667,0.333333333333333,4,2,"Cara"
"7",0.571428571428571,0.428571428571429,4,3,"Cara"
"8",0.5,0.5,4,4,"Empate"
"9",0.444444444444444,0.555555555555556,4,5,"Coroa"
"10",0.5,0.5,5,5,"Empate"
"11",0.454545454545455,0.545454545454545,5,6,"Coroa"
"12",0.583333333333333,0.416666666666667,7,5,"Cara"
"13",0.538461538461538,0.461538461538462,7,6,"Cara"
"14",0.5,0.5,7,7,"Empate"
"15",0.6,0.4,9,6,"Cara"
"16",0.5625,0.4375,9,7,"Cara"
"17",0.529411764705882,0.470588235294118,9,8,"Cara"
"18",0.555555555555556,0.444444444444444,10,8,"Cara"
"19",0.421052631578947,0.578947368421053,8,11,"Coroa"
"20",0.5,0.5,10,10,"Empate"
"21",0.523809523809524,0.476190476190476,11,10,"Cara"
"22",0.5,0.5,11,11,"Empate"
"23",0.478260869565217,0.521739130434783,11,12,"Coroa"
"24",0.5,0.5,12,12,"Empate"
"25",0.4,0.6,10,15,"Coroa"
"26",0.576923076923077,0.423076923076923,15,11,"Cara"
"27",0.481481481481481,0.518518518518518,13,14,"Coroa"
"28",0.357142857142857,0.642857142857143,10,18,"Coroa"
"29",0.586206896551724,0.413793103448276,17,12,"Cara"
"30",0.5,0.5,15,15,"Empate"
"31",0.451612903225806,0.548387096774194,14,17,"Coroa"
"32",0.46875,0.53125,15,17,"Coroa"
"33",0.515151515151515,0.484848484848485,17,16,"Cara"
"34",0.441176470588235,0.558823529411765,15,19,"Coroa"
"35",0.571428571428571,0.428571428571429,20,15,"Cara"
"36",0.611111111111111,0.388888888888889,22,14,"Cara"
"37",0.540540540540541,0.459459459459459,20,17,"Cara"
"38",0.605263157894737,0.394736842105263,23,15,"Cara"
"39",0.487179487179487,0.512820512820513,19,20,"Coroa"
"40",0.35,0.65,14,26,"Coroa"
"41",0.560975609756098,0.439024390243902,23,18,"Cara"
"42",0.357142857142857,0.642857142857143,15,27,"Coroa"
"43",0.488372093023256,0.511627906976744,21,22,"Coroa"
"44",0.477272727272727,0.522727272727273,21,23,"Coroa"
"45",0.422222222222222,0.577777777777778,19,26,"Coroa"
"46",0.434782608695652,0.565217391304348,20,26,"Coroa"
"47",0.574468085106383,0.425531914893617,27,20,"Cara"
"48",0.395833333333333,0.604166666666667,19,29,"Coroa"
"49",0.448979591836735,0.551020408163265,22,27,"Coroa"
"50",0.54,0.46,27,23,"Cara"
"51",0.607843137254902,0.392156862745098,31,20,"Cara"
"52",0.5,0.5,26,26,"Empate"
"53",0.528301886792453,0.471698113207547,28,25,"Cara"
"54",0.518518518518518,0.481481481481481,28,26,"Cara"
"55",0.490909090909091,0.509090909090909,27,28,"Coroa"
"56",0.553571428571429,0.446428571428571,31,25,"Cara"
"57",0.578947368421053,0.421052631578947,33,24,"Cara"
"58",0.448275862068966,0.551724137931034,26,32,"Coroa"
"59",0.474576271186441,0.525423728813559,28,31,"Coroa"
"60",0.616666666666667,0.383333333333333,37,23,"Cara"
"61",0.459016393442623,0.540983606557377,28,33,"Coroa"
"62",0.435483870967742,0.564516129032258,27,35,"Coroa"
"63",0.444444444444444,0.555555555555556,28,35,"Coroa"
"64",0.515625,0.484375,33,31,"Cara"
"65",0.538461538461538,0.461538461538462,35,30,"Cara"
"66",0.484848484848485,0.515151515151515,32,34,"Coroa"
"67",0.492537313432836,0.507462686567164,33,34,"Coroa"
"68",0.558823529411765,0.441176470588235,38,30,"Cara"
"69",0.507246376811594,0.492753623188406,35,34,"Cara"
"70",0.6,0.4,42,28,"Cara"
"71",0.422535211267606,0.577464788732394,30,41,"Coroa"
"72",0.458333333333333,0.541666666666667,33,39,"Coroa"
"73",0.452054794520548,0.547945205479452,33,40,"Coroa"
"74",0.445945945945946,0.554054054054054,33,41,"Coroa"
"75",0.506666666666667,0.493333333333333,38,37,"Cara"
"76",0.5,0.5,38,38,"Empate"
"77",0.493506493506494,0.506493506493506,38,39,"Coroa"
"78",0.538461538461538,0.461538461538462,42,36,"Cara"
"79",0.430379746835443,0.569620253164557,34,45,"Coroa"
"80",0.5,0.5,40,40,"Empate"
"81",0.493827160493827,0.506172839506173,40,41,"Coroa"
"82",0.524390243902439,0.475609756097561,43,39,"Cara"
"83",0.542168674698795,0.457831325301205,45,38,"Cara"
"84",0.55952380952381,0.44047619047619,47,37,"Cara"
"85",0.505882352941176,0.494117647058824,43,42,"Cara"
"86",0.546511627906977,0.453488372093023,47,39,"Cara"
"87",0.425287356321839,0.574712643678161,37,50,"Coroa"
"88",0.534090909090909,0.465909090909091,47,41,"Cara"
"89",0.449438202247191,0.550561797752809,40,49,"Coroa"
"90",0.511111111111111,0.488888888888889,46,44,"Cara"
"91",0.516483516483517,0.483516483516484,47,44,"Cara"
"92",0.532608695652174,0.467391304347826,49,43,"Cara"
"93",0.559139784946237,0.440860215053763,52,41,"Cara"
"94",0.585106382978723,0.414893617021277,55,39,"Cara"
"95",0.452631578947368,0.547368421052632,43,52,"Coroa"
"96",0.479166666666667,0.520833333333333,46,50,"Coroa"
"97",0.536082474226804,0.463917525773196,52,45,"Cara"
"98",0.469387755102041,0.530612244897959,46,52,"Coroa"
"99",0.444444444444444,0.555555555555556,44,55,"Coroa"
"100",0.53,0.47,53,47,"Cara"
"101",0.534653465346535,0.465346534653465,54,47,"Cara"
"102",0.5,0.5,51,51,"Empate"
"103",0.446601941747573,0.553398058252427,46,57,"Coroa"
"104",0.480769230769231,0.519230769230769,50,54,"Coroa"
"105",0.514285714285714,0.485714285714286,54,51,"Cara"
"106",0.462264150943396,0.537735849056604,49,57,"Coroa"
"107",0.476635514018692,0.523364485981308,51,56,"Coroa"
"108",0.425925925925926,0.574074074074074,46,62,"Coroa"
"109",0.467889908256881,0.532110091743119,51,58,"Coroa"
"110",0.445454545454545,0.554545454545455,49,61,"Coroa"
"111",0.432432432432432,0.567567567567568,48,63,"Coroa"
"112",0.473214285714286,0.526785714285714,53,59,"Coroa"
"113",0.486725663716814,0.513274336283186,55,58,"Coroa"
"114",0.508771929824561,0.491228070175439,58,56,"Cara"
"115",0.51304347826087,0.48695652173913,59,56,"Cara"
"116",0.474137931034483,0.525862068965517,55,61,"Coroa"
"117",0.444444444444444,0.555555555555556,52,65,"Coroa"
"118",0.542372881355932,0.457627118644068,64,54,"Cara"
"119",0.453781512605042,0.546218487394958,54,65,"Coroa"
"120",0.416666666666667,0.583333333333333,50,70,"Coroa"
"121",0.371900826446281,0.628099173553719,45,76,"Coroa"
"122",0.565573770491803,0.434426229508197,69,53,"Cara"
"123",0.447154471544715,0.552845528455285,55,68,"Coroa"
"124",0.57258064516129,0.42741935483871,71,53,"Cara"
"125",0.536,0.464,67,58,"Cara"
"126",0.523809523809524,0.476190476190476,66,60,"Cara"
"127",0.511811023622047,0.488188976377953,65,62,"Cara"
"128",0.5234375,0.4765625,67,61,"Cara"
"129",0.51937984496124,0.48062015503876,67,62,"Cara"
"130",0.438461538461538,0.561538461538462,57,73,"Coroa"
"131",0.49618320610687,0.50381679389313,65,66,"Coroa"
"132",0.522727272727273,0.477272727272727,69,63,"Cara"
"133",0.466165413533835,0.533834586466165,62,71,"Coroa"
"134",0.477611940298507,0.522388059701492,64,70,"Coroa"
"135",0.459259259259259,0.540740740740741,62,73,"Coroa"
"136",0.551470588235294,0.448529411764706,75,61,"Cara"
"137",0.547445255474453,0.452554744525547,75,62,"Cara"
"138",0.456521739130435,0.543478260869565,63,75,"Coroa"
"139",0.453237410071942,0.546762589928058,63,76,"Coroa"
"140",0.55,0.45,77,63,"Cara"
"141",0.475177304964539,0.524822695035461,67,74,"Coroa"
"142",0.5,0.5,71,71,"Empate"
"143",0.545454545454545,0.454545454545455,78,65,"Cara"
"144",0.493055555555556,0.506944444444444,71,73,"Coroa"
"145",0.482758620689655,0.517241379310345,70,75,"Coroa"
"146",0.472602739726027,0.527397260273973,69,77,"Coroa"
"147",0.523809523809524,0.476190476190476,77,70,"Cara"
"148",0.493243243243243,0.506756756756757,73,75,"Coroa"
"149",0.550335570469799,0.449664429530201,82,67,"Cara"
"150",0.493333333333333,0.506666666666667,74,76,"Coroa"
"151",0.503311258278146,0.496688741721854,76,75,"Cara"
"152",0.440789473684211,0.559210526315789,67,85,"Coroa"
"153",0.483660130718954,0.516339869281046,74,79,"Coroa"
"154",0.461038961038961,0.538961038961039,71,83,"Coroa"
"155",0.496774193548387,0.503225806451613,77,78,"Coroa"
"156",0.448717948717949,0.551282051282051,70,86,"Coroa"
"157",0.503184713375796,0.496815286624204,79,78,"Cara"
"158",0.5,0.5,79,79,"Empate"
"159",0.440251572327044,0.559748427672956,70,89,"Coroa"
"160",0.575,0.425,92,68,"Cara"
"161",0.472049689440994,0.527950310559006,76,85,"Coroa"
"162",0.518518518518518,0.481481481481481,84,78,"Cara"
"163",0.595092024539877,0.404907975460123,97,66,"Cara"
"164",0.451219512195122,0.548780487804878,74,90,"Coroa"
"165",0.454545454545455,0.545454545454545,75,90,"Coroa"
"166",0.512048192771084,0.487951807228916,85,81,"Cara"
"167",0.497005988023952,0.502994011976048,83,84,"Coroa"
"168",0.464285714285714,0.535714285714286,78,90,"Coroa"
"169",0.497041420118343,0.502958579881657,84,85,"Coroa"
"170",0.623529411764706,0.376470588235294,106,64,"Cara"
"171",0.461988304093567,0.538011695906433,79,92,"Coroa"
"172",0.534883720930233,0.465116279069767,92,80,"Cara"
"173",0.450867052023121,0.549132947976879,78,95,"Coroa"
"174",0.419540229885057,0.580459770114943,73,101,"Coroa"
"175",0.491428571428571,0.508571428571429,86,89,"Coroa"
"176",0.488636363636364,0.511363636363636,86,90,"Coroa"
"177",0.485875706214689,0.514124293785311,86,91,"Coroa"
"178",0.449438202247191,0.550561797752809,80,98,"Coroa"
"179",0.513966480446927,0.486033519553073,92,87,"Cara"
"180",0.5,0.5,90,90,"Empate"
"181",0.464088397790055,0.535911602209945,84,97,"Coroa"
"182",0.505494505494505,0.494505494505495,92,90,"Cara"
"183",0.513661202185792,0.486338797814208,94,89,"Cara"
"184",0.478260869565217,0.521739130434783,88,96,"Coroa"
"185",0.52972972972973,0.47027027027027,98,87,"Cara"
"186",0.467741935483871,0.532258064516129,87,99,"Coroa"
"187",0.572192513368984,0.427807486631016,107,80,"Cara"
"188",0.404255319148936,0.595744680851064,76,112,"Coroa"
"189",0.513227513227513,0.486772486772487,97,92,"Cara"
"190",0.510526315789474,0.489473684210526,97,93,"Cara"
"191",0.429319371727749,0.570680628272251,82,109,"Coroa"
"192",0.484375,0.515625,93,99,"Coroa"
"193",0.44559585492228,0.55440414507772,86,107,"Coroa"
"194",0.489690721649485,0.510309278350515,95,99,"Coroa"
"195",0.630769230769231,0.369230769230769,123,72,"Cara"
"196",0.5,0.5,98,98,"Empate"
"197",0.563451776649746,0.436548223350254,111,86,"Cara"
"198",0.515151515151515,0.484848484848485,102,96,"Cara"
"199",0.537688442211055,0.462311557788945,107,92,"Cara"
"200",0.48,0.52,96,104,"Coroa"
"201",0.502487562189055,0.497512437810945,101,100,"Cara"
"202",0.504950495049505,0.495049504950495,102,100,"Cara"
"203",0.458128078817734,0.541871921182266,93,110,"Coroa"
"204",0.519607843137255,0.480392156862745,106,98,"Cara"
"205",0.517073170731707,0.482926829268293,106,99,"Cara"
"206",0.529126213592233,0.470873786407767,109,97,"Cara"
"207",0.463768115942029,0.536231884057971,96,111,"Coroa"
"208",0.447115384615385,0.552884615384615,93,115,"Coroa"
"209",0.473684210526316,0.526315789473684,99,110,"Coroa"
"210",0.457142857142857,0.542857142857143,96,114,"Coroa"
"211",0.469194312796209,0.530805687203792,99,112,"Coroa"
"212",0.433962264150943,0.566037735849057,92,120,"Coroa"
"213",0.549295774647887,0.450704225352113,117,96,"Cara"
"214",0.481308411214953,0.518691588785047,103,111,"Coroa"
"215",0.493023255813954,0.506976744186047,106,109,"Coroa"
"216",0.49537037037037,0.50462962962963,107,109,"Coroa"
"217",0.511520737327189,0.488479262672811,111,106,"Cara"
"218",0.458715596330275,0.541284403669725,100,118,"Coroa"
"219",0.534246575342466,0.465753424657534,117,102,"Cara"
"220",0.486363636363636,0.513636363636364,107,113,"Coroa"
"221",0.46606334841629,0.53393665158371,103,118,"Coroa"
"222",0.518018018018018,0.481981981981982,115,107,"Cara"
"223",0.556053811659193,0.443946188340807,124,99,"Cara"
"224",0.486607142857143,0.513392857142857,109,115,"Coroa"
"225",0.493333333333333,0.506666666666667,111,114,"Coroa"
"226",0.52212389380531,0.47787610619469,118,108,"Cara"
"227",0.511013215859031,0.488986784140969,116,111,"Cara"
"228",0.521929824561403,0.478070175438596,119,109,"Cara"
"229",0.462882096069869,0.537117903930131,106,123,"Coroa"
"230",0.508695652173913,0.491304347826087,117,113,"Cara"
"231",0.493506493506494,0.506493506493506,114,117,"Coroa"
"232",0.491379310344828,0.508620689655172,114,118,"Coroa"
"233",0.532188841201717,0.467811158798283,124,109,"Cara"
"234",0.517094017094017,0.482905982905983,121,113,"Cara"
"235",0.45531914893617,0.54468085106383,107,128,"Coroa"
"236",0.5,0.5,118,118,"Empate"
"237",0.506329113924051,0.493670886075949,120,117,"Cara"
"238",0.53781512605042,0.46218487394958,128,110,"Cara"
"239",0.476987447698745,0.523012552301255,114,125,"Coroa"
"240",0.529166666666667,0.470833333333333,127,113,"Cara"
"241",0.54356846473029,0.45643153526971,131,110,"Cara"
"242",0.5,0.5,121,121,"Empate"
"243",0.518518518518518,0.481481481481481,126,117,"Cara"
"244",0.520491803278688,0.479508196721311,127,117,"Cara"
"245",0.489795918367347,0.510204081632653,120,125,"Coroa"
"246",0.471544715447154,0.528455284552846,116,130,"Coroa"
"247",0.502024291497976,0.497975708502024,124,123,"Cara"
"248",0.508064516129032,0.491935483870968,126,122,"Cara"
"249",0.461847389558233,0.538152610441767,115,134,"Coroa"
"250",0.488,0.512,122,128,"Coroa"
"251",0.470119521912351,0.529880478087649,118,133,"Coroa"
"252",0.507936507936508,0.492063492063492,128,124,"Cara"
"253",0.486166007905138,0.513833992094862,123,130,"Coroa"
"254",0.503937007874016,0.496062992125984,128,126,"Cara"
"255",0.552941176470588,0.447058823529412,141,114,"Cara"
"256",0.47265625,0.52734375,121,135,"Coroa"
"257",0.486381322957198,0.513618677042802,125,132,"Coroa"
"258",0.534883720930233,0.465116279069767,138,120,"Cara"
"259",0.501930501930502,0.498069498069498,130,129,"Cara"
"260",0.515384615384615,0.484615384615385,134,126,"Cara"
"261",0.521072796934866,0.478927203065134,136,125,"Cara"
"262",0.484732824427481,0.515267175572519,127,135,"Coroa"
"263",0.52851711026616,0.47148288973384,139,124,"Cara"
"264",0.496212121212121,0.503787878787879,131,133,"Coroa"
"265",0.562264150943396,0.437735849056604,149,116,"Cara"
"266",0.458646616541353,0.541353383458647,122,144,"Coroa"
"267",0.528089887640449,0.471910112359551,141,126,"Cara"
"268",0.488805970149254,0.511194029850746,131,137,"Coroa"
"269",0.464684014869888,0.535315985130111,125,144,"Coroa"
"270",0.451851851851852,0.548148148148148,122,148,"Coroa"
"271",0.505535055350554,0.494464944649447,137,134,"Cara"
"272",0.496323529411765,0.503676470588235,135,137,"Coroa"
"273",0.457875457875458,0.542124542124542,125,148,"Coroa"
"274",0.54014598540146,0.45985401459854,148,126,"Cara"
"275",0.436363636363636,0.563636363636364,120,155,"Coroa"
"276",0.492753623188406,0.507246376811594,136,140,"Coroa"
"277",0.483754512635379,0.516245487364621,134,143,"Coroa"
"278",0.510791366906475,0.489208633093525,142,136,"Cara"
"279",0.480286738351254,0.519713261648746,134,145,"Coroa"
"280",0.457142857142857,0.542857142857143,128,152,"Coroa"
"281",0.505338078291815,0.494661921708185,142,139,"Cara"
"282",0.475177304964539,0.524822695035461,134,148,"Coroa"
"283",0.491166077738516,0.508833922261484,139,144,"Coroa"
"284",0.492957746478873,0.507042253521127,140,144,"Coroa"
"285",0.56140350877193,0.43859649122807,160,125,"Cara"
"286",0.440559440559441,0.559440559440559,126,160,"Coroa"
"287",0.491289198606272,0.508710801393728,141,146,"Coroa"
"288",0.545138888888889,0.454861111111111,157,131,"Cara"
"289",0.498269896193772,0.501730103806228,144,145,"Coroa"
"290",0.510344827586207,0.489655172413793,148,142,"Cara"
"291",0.47766323024055,0.52233676975945,139,152,"Coroa"
"292",0.506849315068493,0.493150684931507,148,144,"Cara"
"293",0.488054607508532,0.511945392491468,143,150,"Coroa"
"294",0.513605442176871,0.486394557823129,151,143,"Cara"
"295",0.450847457627119,0.549152542372881,133,162,"Coroa"
"296",0.513513513513513,0.486486486486487,152,144,"Cara"
"297",0.518518518518518,0.481481481481481,154,143,"Cara"
"298",0.51006711409396,0.48993288590604,152,146,"Cara"
"299",0.461538461538462,0.538461538461538,138,161,"Coroa"
"300",0.47,0.53,141,159,"Coroa"
"301",0.488372093023256,0.511627906976744,147,154,"Coroa"
"302",0.509933774834437,0.490066225165563,154,148,"Cara"
"303",0.455445544554455,0.544554455445545,138,165,"Coroa"
"304",0.539473684210526,0.460526315789474,164,140,"Cara"
"305",0.498360655737705,0.501639344262295,152,153,"Coroa"
"306",0.503267973856209,0.496732026143791,154,152,"Cara"
"307",0.530944625407166,0.469055374592834,163,144,"Cara"
"308",0.477272727272727,0.522727272727273,147,161,"Coroa"
"309",0.56957928802589,0.43042071197411,176,133,"Cara"
"310",0.461290322580645,0.538709677419355,143,167,"Coroa"
"311",0.508038585209003,0.491961414790997,158,153,"Cara"
"312",0.506410256410256,0.493589743589744,158,154,"Cara"
"313",0.476038338658147,0.523961661341853,149,164,"Coroa"
"314",0.480891719745223,0.519108280254777,151,163,"Coroa"
"315",0.533333333333333,0.466666666666667,168,147,"Cara"
"316",0.474683544303797,0.525316455696203,150,166,"Coroa"
"317",0.558359621451104,0.441640378548896,177,140,"Cara"
"318",0.522012578616352,0.477987421383648,166,152,"Cara"
"319",0.501567398119122,0.498432601880878,160,159,"Cara"
"320",0.496875,0.503125,159,161,"Coroa"
"321",0.557632398753894,0.442367601246106,179,142,"Cara"
"322",0.503105590062112,0.496894409937888,162,160,"Cara"
"323",0.476780185758514,0.523219814241486,154,169,"Coroa"
"324",0.496913580246914,0.503086419753086,161,163,"Coroa"
"325",0.492307692307692,0.507692307692308,160,165,"Coroa"
"326",0.549079754601227,0.450920245398773,179,147,"Cara"
"327",0.495412844036697,0.504587155963303,162,165,"Coroa"
"328",0.49390243902439,0.50609756097561,162,166,"Coroa"
"329",0.48936170212766,0.51063829787234,161,168,"Coroa"
"330",0.518181818181818,0.481818181818182,171,159,"Cara"
"331",0.558912386706949,0.441087613293051,185,146,"Cara"
"332",0.448795180722892,0.551204819277108,149,183,"Coroa"
"333",0.528528528528528,0.471471471471471,176,157,"Cara"
"334",0.491017964071856,0.508982035928144,164,170,"Coroa"
"335",0.513432835820895,0.486567164179104,172,163,"Cara"
"336",0.473214285714286,0.526785714285714,159,177,"Coroa"
"337",0.465875370919881,0.534124629080119,157,180,"Coroa"
"338",0.50887573964497,0.49112426035503,172,166,"Cara"
"339",0.52212389380531,0.47787610619469,177,162,"Cara"
"340",0.535294117647059,0.464705882352941,182,158,"Cara"
"341",0.480938416422287,0.519061583577713,164,177,"Coroa"
"342",0.45906432748538,0.54093567251462,157,185,"Coroa"
"343",0.507288629737609,0.492711370262391,174,169,"Cara"
"344",0.465116279069767,0.534883720930233,160,184,"Coroa"
"345",0.492753623188406,0.507246376811594,170,175,"Coroa"
"346",0.471098265895954,0.528901734104046,163,183,"Coroa"
"347",0.521613832853026,0.478386167146974,181,166,"Cara"
"348",0.439655172413793,0.560344827586207,153,195,"Coroa"
"349",0.498567335243553,0.501432664756447,174,175,"Coroa"
"350",0.505714285714286,0.494285714285714,177,173,"Cara"
"351",0.52991452991453,0.47008547008547,186,165,"Cara"
"352",0.494318181818182,0.505681818181818,174,178,"Coroa"
"353",0.546742209631728,0.453257790368272,193,160,"Cara"
"354",0.494350282485876,0.505649717514124,175,179,"Coroa"
"355",0.445070422535211,0.554929577464789,158,197,"Coroa"
"356",0.525280898876405,0.474719101123595,187,169,"Cara"
"357",0.476190476190476,0.523809523809524,170,187,"Coroa"
"358",0.53072625698324,0.46927374301676,190,168,"Cara"
"359",0.473537604456825,0.526462395543176,170,189,"Coroa"
"360",0.505555555555556,0.494444444444444,182,178,"Cara"
"361",0.46814404432133,0.53185595567867,169,192,"Coroa"
"362",0.488950276243094,0.511049723756906,177,185,"Coroa"
"363",0.526170798898072,0.473829201101928,191,172,"Cara"
"364",0.502747252747253,0.497252747252747,183,181,"Cara"
"365",0.523287671232877,0.476712328767123,191,174,"Cara"
"366",0.475409836065574,0.524590163934426,174,192,"Coroa"
"367",0.46866485013624,0.53133514986376,172,195,"Coroa"
"368",0.521739130434783,0.478260869565217,192,176,"Cara"
"369",0.525745257452574,0.474254742547426,194,175,"Cara"
"370",0.475675675675676,0.524324324324324,176,194,"Coroa"
"371",0.495956873315364,0.504043126684636,184,187,"Coroa"
"372",0.489247311827957,0.510752688172043,182,190,"Coroa"
"373",0.49597855227882,0.50402144772118,185,188,"Coroa"
"374",0.494652406417112,0.505347593582888,185,189,"Coroa"
"375",0.485333333333333,0.514666666666667,182,193,"Coroa"
"376",0.542553191489362,0.457446808510638,204,172,"Cara"
"377",0.472148541114058,0.527851458885942,178,199,"Coroa"
"378",0.497354497354497,0.502645502645503,188,190,"Coroa"
"379",0.467018469656992,0.532981530343008,177,202,"Coroa"
"380",0.544736842105263,0.455263157894737,207,173,"Cara"
"381",0.506561679790026,0.493438320209974,193,188,"Cara"
"382",0.528795811518325,0.471204188481675,202,180,"Cara"
"383",0.514360313315927,0.485639686684073,197,186,"Cara"
"384",0.463541666666667,0.536458333333333,178,206,"Coroa"
"385",0.496103896103896,0.503896103896104,191,194,"Coroa"
"386",0.484455958549223,0.515544041450777,187,199,"Coroa"
"387",0.547803617571059,0.452196382428941,212,175,"Cara"
"388",0.548969072164949,0.451030927835052,213,175,"Cara"
"389",0.516709511568123,0.483290488431877,201,188,"Cara"
"390",0.5,0.5,195,195,"Empate"
"391",0.519181585677749,0.480818414322251,203,188,"Cara"
"392",0.489795918367347,0.510204081632653,192,200,"Coroa"
"393",0.478371501272265,0.521628498727735,188,205,"Coroa"
"394",0.487309644670051,0.512690355329949,192,202,"Coroa"
"395",0.50379746835443,0.49620253164557,199,196,"Cara"
"396",0.48989898989899,0.51010101010101,194,202,"Coroa"
"397",0.468513853904282,0.531486146095718,186,211,"Coroa"
"398",0.442211055276382,0.557788944723618,176,222,"Coroa"
"399",0.486215538847118,0.513784461152882,194,205,"Coroa"
"400",0.51,0.49,204,196,"Cara"
"401",0.511221945137157,0.488778054862843,205,196,"Cara"
"402",0.482587064676617,0.517412935323383,194,208,"Coroa"
"403",0.508684863523573,0.491315136476427,205,198,"Cara"
"404",0.517326732673267,0.482673267326733,209,195,"Cara"
"405",0.459259259259259,0.540740740740741,186,219,"Coroa"
"406",0.522167487684729,0.477832512315271,212,194,"Cara"
"407",0.481572481572482,0.518427518427518,196,211,"Coroa"
"408",0.504901960784314,0.495098039215686,206,202,"Cara"
"409",0.518337408312958,0.481662591687042,212,197,"Cara"
"410",0.495121951219512,0.504878048780488,203,207,"Coroa"
"411",0.498783454987835,0.501216545012166,205,206,"Coroa"
"412",0.475728155339806,0.524271844660194,196,216,"Coroa"
"413",0.508474576271186,0.491525423728814,210,203,"Cara"
"414",0.516908212560386,0.483091787439614,214,200,"Cara"
"415",0.455421686746988,0.544578313253012,189,226,"Coroa"
"416",0.475961538461538,0.524038461538462,198,218,"Coroa"
"417",0.458033573141487,0.541966426858513,191,226,"Coroa"
"418",0.488038277511962,0.511961722488038,204,214,"Coroa"
"419",0.470167064439141,0.529832935560859,197,222,"Coroa"
"420",0.521428571428571,0.478571428571429,219,201,"Cara"
"421",0.501187648456057,0.498812351543943,211,210,"Cara"
"422",0.502369668246445,0.497630331753554,212,210,"Cara"
"423",0.472813238770686,0.527186761229314,200,223,"Coroa"
"424",0.507075471698113,0.492924528301887,215,209,"Cara"
"425",0.550588235294118,0.449411764705882,234,191,"Cara"
"426",0.544600938967136,0.455399061032864,232,194,"Cara"
"427",0.540983606557377,0.459016393442623,231,196,"Cara"
"428",0.502336448598131,0.497663551401869,215,213,"Cara"
"429",0.510489510489511,0.48951048951049,219,210,"Cara"
"430",0.453488372093023,0.546511627906977,195,235,"Coroa"
"431",0.54292343387471,0.45707656612529,234,197,"Cara"
"432",0.488425925925926,0.511574074074074,211,221,"Coroa"
"433",0.508083140877598,0.491916859122402,220,213,"Cara"
"434",0.495391705069124,0.504608294930876,215,219,"Coroa"
"435",0.533333333333333,0.466666666666667,232,203,"Cara"
"436",0.506880733944954,0.493119266055046,221,215,"Cara"
"437",0.491990846681922,0.508009153318078,215,222,"Coroa"
"438",0.522831050228311,0.477168949771689,229,209,"Cara"
"439",0.530751708428246,0.469248291571754,233,206,"Cara"
"440",0.493181818181818,0.506818181818182,217,223,"Coroa"
"441",0.471655328798186,0.528344671201814,208,233,"Coroa"
"442",0.47737556561086,0.52262443438914,211,231,"Coroa"
"443",0.465011286681716,0.534988713318284,206,237,"Coroa"
"444",0.481981981981982,0.518018018018018,214,230,"Coroa"
"445",0.530337078651685,0.469662921348315,236,209,"Cara"
"446",0.495515695067265,0.504484304932735,221,225,"Coroa"
"447",0.467561521252796,0.532438478747204,209,238,"Coroa"
"448",0.522321428571429,0.477678571428571,234,214,"Cara"
"449",0.481069042316258,0.518930957683742,216,233,"Coroa"
"450",0.451111111111111,0.548888888888889,203,247,"Coroa"
"451",0.496674057649667,0.503325942350333,224,227,"Coroa"
"452",0.482300884955752,0.517699115044248,218,234,"Coroa"
"453",0.474613686534216,0.525386313465784,215,238,"Coroa"
"454",0.517621145374449,0.482378854625551,235,219,"Cara"
"455",0.501098901098901,0.498901098901099,228,227,"Cara"
"456",0.475877192982456,0.524122807017544,217,239,"Coroa"
"457",0.50328227571116,0.49671772428884,230,227,"Cara"
"458",0.465065502183406,0.534934497816594,213,245,"Coroa"
"459",0.533769063180828,0.466230936819172,245,214,"Cara"
"460",0.51304347826087,0.48695652173913,236,224,"Cara"
"461",0.496746203904555,0.503253796095445,229,232,"Coroa"
"462",0.512987012987013,0.487012987012987,237,225,"Cara"
"463",0.475161987041037,0.524838012958963,220,243,"Coroa"
"464",0.508620689655172,0.491379310344828,236,228,"Cara"
"465",0.505376344086022,0.494623655913978,235,230,"Cara"
"466",0.491416309012876,0.508583690987124,229,237,"Coroa"
"467",0.473233404710921,0.526766595289079,221,246,"Coroa"
"468",0.517094017094017,0.482905982905983,242,226,"Cara"
"469",0.490405117270789,0.509594882729211,230,239,"Coroa"
"470",0.51063829787234,0.48936170212766,240,230,"Cara"
"471",0.501061571125265,0.498938428874735,236,235,"Cara"
"472",0.491525423728814,0.508474576271186,232,240,"Coroa"
"473",0.511627906976744,0.488372093023256,242,231,"Cara"
"474",0.50210970464135,0.49789029535865,238,236,"Cara"
"475",0.522105263157895,0.477894736842105,248,227,"Cara"
"476",0.506302521008403,0.493697478991597,241,235,"Cara"
"477",0.532494758909853,0.467505241090147,254,223,"Cara"
"478",0.447698744769874,0.552301255230126,214,264,"Coroa"
"479",0.494780793319415,0.505219206680585,237,242,"Coroa"
"480",0.541666666666667,0.458333333333333,260,220,"Cara"
"481",0.525987525987526,0.474012474012474,253,228,"Cara"
"482",0.551867219917012,0.448132780082988,266,216,"Cara"
"483",0.509316770186335,0.490683229813665,246,237,"Cara"
"484",0.487603305785124,0.512396694214876,236,248,"Coroa"
"485",0.509278350515464,0.490721649484536,247,238,"Cara"
"486",0.483539094650206,0.516460905349794,235,251,"Coroa"
"487",0.53388090349076,0.46611909650924,260,227,"Cara"
"488",0.471311475409836,0.528688524590164,230,258,"Coroa"
"489",0.466257668711656,0.533742331288344,228,261,"Coroa"
"490",0.485714285714286,0.514285714285714,238,252,"Coroa"
"491",0.513238289205703,0.486761710794297,252,239,"Cara"
"492",0.526422764227642,0.473577235772358,259,233,"Cara"
"493",0.468559837728195,0.531440162271805,231,262,"Coroa"
"494",0.491902834008097,0.508097165991903,243,251,"Coroa"
"495",0.498989898989899,0.501010101010101,247,248,"Coroa"
"496",0.477822580645161,0.522177419354839,237,259,"Coroa"
"497",0.460764587525151,0.539235412474849,229,268,"Coroa"
"498",0.516064257028112,0.483935742971888,257,241,"Cara"
"499",0.507014028056112,0.492985971943888,253,246,"Cara"
"500",0.48,0.52,240,260,"Coroa"
"501",0.518962075848303,0.481037924151697,260,241,"Cara"
"502",0.49601593625498,0.50398406374502,249,253,"Coroa"
"503",0.483101391650099,0.516898608349901,243,260,"Coroa"
"504",0.48015873015873,0.51984126984127,242,262,"Coroa"
"505",0.493069306930693,0.506930693069307,249,256,"Coroa"
"506",0.515810276679842,0.484189723320158,261,245,"Cara"
"507",0.455621301775148,0.544378698224852,231,276,"Coroa"
"508",0.5,0.5,254,254,"Empate"
"509",0.473477406679764,0.526522593320236,241,268,"Coroa"
"510",0.484313725490196,0.515686274509804,247,263,"Coroa"
"511",0.4853228962818,0.5146771037182,248,263,"Coroa"
"512",0.484375,0.515625,248,264,"Coroa"
"513",0.495126705653021,0.504873294346979,254,259,"Coroa"
"514",0.513618677042802,0.486381322957198,264,250,"Cara"
"515",0.464077669902913,0.535922330097087,239,276,"Coroa"
"516",0.5,0.5,258,258,"Empate"
"517",0.491295938104449,0.508704061895551,254,263,"Coroa"
"518",0.486486486486487,0.513513513513513,252,266,"Coroa"
"519",0.506743737957611,0.493256262042389,263,256,"Cara"
"520",0.5,0.5,260,260,"Empate"
"521",0.506717850287908,0.493282149712092,264,257,"Cara"
"522",0.484674329501916,0.515325670498084,253,269,"Coroa"
"523",0.500956022944551,0.499043977055449,262,261,"Cara"
"524",0.530534351145038,0.469465648854962,278,246,"Cara"
"525",0.457142857142857,0.542857142857143,240,285,"Coroa"
"526",0.46958174904943,0.53041825095057,247,279,"Coroa"
"527",0.512333965844402,0.487666034155598,270,257,"Cara"
"528",0.518939393939394,0.481060606060606,274,254,"Cara"
"529",0.514177693761815,0.485822306238185,272,257,"Cara"
"530",0.5,0.5,265,265,"Empate"
"531",0.497175141242938,0.502824858757062,264,267,"Coroa"
"532",0.481203007518797,0.518796992481203,256,276,"Coroa"
"533",0.529080675422139,0.470919324577861,282,251,"Cara"
"534",0.50749063670412,0.49250936329588,271,263,"Cara"
"535",0.45607476635514,0.54392523364486,244,291,"Coroa"
"536",0.498134328358209,0.501865671641791,267,269,"Coroa"
"537",0.476722532588454,0.523277467411546,256,281,"Coroa"
"538",0.481412639405204,0.518587360594795,259,279,"Coroa"
"539",0.467532467532468,0.532467532467532,252,287,"Coroa"
"540",0.483333333333333,0.516666666666667,261,279,"Coroa"
"541",0.513863216266174,0.486136783733826,278,263,"Cara"
"542",0.492619926199262,0.507380073800738,267,275,"Coroa"
"543",0.50828729281768,0.49171270718232,276,267,"Cara"
"544",0.496323529411765,0.503676470588235,270,274,"Coroa"
"545",0.486238532110092,0.513761467889908,265,280,"Coroa"
"546",0.465201465201465,0.534798534798535,254,292,"Coroa"
"547",0.49908592321755,0.50091407678245,273,274,"Coroa"
"548",0.461678832116788,0.538321167883212,253,295,"Coroa"
"549",0.526411657559198,0.473588342440801,289,260,"Cara"
"550",0.507272727272727,0.492727272727273,279,271,"Cara"
"551",0.517241379310345,0.482758620689655,285,266,"Cara"
"552",0.509057971014493,0.490942028985507,281,271,"Cara"
"553",0.497287522603978,0.502712477396022,275,278,"Coroa"
"554",0.483754512635379,0.516245487364621,268,286,"Coroa"
"555",0.463063063063063,0.536936936936937,257,298,"Coroa"
"556",0.514388489208633,0.485611510791367,286,270,"Cara"
"557",0.538599640933573,0.461400359066427,300,257,"Cara"
"558",0.514336917562724,0.485663082437276,287,271,"Cara"
"559",0.542039355992844,0.457960644007156,303,256,"Cara"
"560",0.514285714285714,0.485714285714286,288,272,"Cara"
"561",0.479500891265597,0.520499108734403,269,292,"Coroa"
"562",0.494661921708185,0.505338078291815,278,284,"Coroa"
"563",0.532859680284192,0.467140319715808,300,263,"Cara"
"564",0.49290780141844,0.50709219858156,278,286,"Coroa"
"565",0.513274336283186,0.486725663716814,290,275,"Cara"
"566",0.498233215547703,0.501766784452297,282,284,"Coroa"
"567",0.486772486772487,0.513227513227513,276,291,"Coroa"
"568",0.519366197183099,0.480633802816901,295,273,"Cara"
"569",0.483304042179262,0.516695957820738,275,294,"Coroa"
"570",0.491228070175439,0.508771929824561,280,290,"Coroa"
"571",0.500875656742557,0.499124343257443,286,285,"Cara"
"572",0.541958041958042,0.458041958041958,310,262,"Cara"
"573",0.486910994764398,0.513089005235602,279,294,"Coroa"
"574",0.501742160278746,0.498257839721254,288,286,"Cara"
"575",0.506086956521739,0.493913043478261,291,284,"Cara"
"576",0.510416666666667,0.489583333333333,294,282,"Cara"
"577",0.509532062391681,0.490467937608319,294,283,"Cara"
"578",0.494809688581315,0.505190311418685,286,292,"Coroa"
"579",0.514680483592401,0.485319516407599,298,281,"Cara"
"580",0.503448275862069,0.496551724137931,292,288,"Cara"
"581",0.506024096385542,0.493975903614458,294,287,"Cara"
"582",0.532646048109966,0.467353951890034,310,272,"Cara"
"583",0.507718696397942,0.492281303602058,296,287,"Cara"
"584",0.48458904109589,0.51541095890411,283,301,"Coroa"
"585",0.495726495726496,0.504273504273504,290,295,"Coroa"
"586",0.476109215017065,0.523890784982935,279,307,"Coroa"
"587",0.533219761499148,0.466780238500852,313,274,"Cara"
"588",0.488095238095238,0.511904761904762,287,301,"Coroa"
"589",0.468590831918506,0.531409168081494,276,313,"Coroa"
"590",0.484745762711864,0.515254237288136,286,304,"Coroa"
"591",0.489001692047377,0.510998307952623,289,302,"Coroa"
"592",0.510135135135135,0.489864864864865,302,290,"Cara"
"593",0.492411467116358,0.507588532883642,292,301,"Coroa"
"594",0.493265993265993,0.506734006734007,293,301,"Coroa"
"595",0.490756302521008,0.509243697478992,292,303,"Coroa"
"596",0.496644295302013,0.503355704697987,296,300,"Coroa"
"597",0.536013400335008,0.463986599664992,320,277,"Cara"
"598",0.491638795986622,0.508361204013378,294,304,"Coroa"
"599",0.540901502504174,0.459098497495826,324,275,"Cara"
"600",0.515,0.485,309,291,"Cara"
"601",0.497504159733777,0.502495840266223,299,302,"Coroa"
"602",0.529900332225914,0.470099667774086,319,283,"Cara"
"603",0.492537313432836,0.507462686567164,297,306,"Coroa"
"604",0.475165562913907,0.524834437086093,287,317,"Coroa"
"605",0.431404958677686,0.568595041322314,261,344,"Coroa"
"606",0.495049504950495,0.504950495049505,300,306,"Coroa"
"607",0.479406919275124,0.520593080724876,291,316,"Coroa"
"608",0.472039473684211,0.527960526315789,287,321,"Coroa"
"609",0.499178981937603,0.500821018062397,304,305,"Coroa"
"610",0.516393442622951,0.483606557377049,315,295,"Cara"
"611",0.523731587561375,0.476268412438625,320,291,"Cara"
"612",0.478758169934641,0.52124183006536,293,319,"Coroa"
"613",0.481239804241436,0.518760195758564,295,318,"Coroa"
"614",0.473941368078176,0.526058631921824,291,323,"Coroa"
"615",0.507317073170732,0.492682926829268,312,303,"Cara"
"616",0.49025974025974,0.50974025974026,302,314,"Coroa"
"617",0.474878444084279,0.525121555915721,293,324,"Coroa"
"618",0.48705501618123,0.51294498381877,301,317,"Coroa"
"619",0.497576736672052,0.502423263327948,308,311,"Coroa"
"620",0.470967741935484,0.529032258064516,292,328,"Coroa"
"621",0.486312399355878,0.513687600644122,302,319,"Coroa"
"622",0.469453376205788,0.530546623794212,292,330,"Coroa"
"623",0.50561797752809,0.49438202247191,315,308,"Cara"
"624",0.519230769230769,0.480769230769231,324,300,"Cara"
"625",0.5024,0.4976,314,311,"Cara"
"626",0.496805111821086,0.503194888178914,311,315,"Coroa"
"627",0.51993620414673,0.48006379585327,326,301,"Cara"
"628",0.546178343949045,0.453821656050955,343,285,"Cara"
"629",0.513513513513513,0.486486486486487,323,306,"Cara"
"630",0.504761904761905,0.495238095238095,318,312,"Cara"
"631",0.475435816164818,0.524564183835182,300,331,"Coroa"
"632",0.498417721518987,0.501582278481013,315,317,"Coroa"
"633",0.502369668246445,0.497630331753554,318,315,"Cara"
"634",0.511041009463722,0.488958990536278,324,310,"Cara"
"635",0.503937007874016,0.496062992125984,320,315,"Cara"
"636",0.537735849056604,0.462264150943396,342,294,"Cara"
"637",0.500784929356358,0.499215070643642,319,318,"Cara"
"638",0.523510971786834,0.476489028213166,334,304,"Cara"
"639",0.45226917057903,0.54773082942097,289,350,"Coroa"
"640",0.49375,0.50625,316,324,"Coroa"
"641",0.494539781591264,0.505460218408736,317,324,"Coroa"
"642",0.492211838006231,0.507788161993769,316,326,"Coroa"
"643",0.506998444790047,0.493001555209953,326,317,"Cara"
"644",0.518633540372671,0.481366459627329,334,310,"Cara"
"645",0.514728682170543,0.485271317829457,332,313,"Cara"
"646",0.496904024767802,0.503095975232198,321,325,"Coroa"
"647",0.511591962905719,0.488408037094281,331,316,"Cara"
"648",0.493827160493827,0.506172839506173,320,328,"Coroa"
"649",0.457627118644068,0.542372881355932,297,352,"Coroa"
"650",0.478461538461538,0.521538461538462,311,339,"Coroa"
"651",0.508448540706605,0.491551459293395,331,320,"Cara"
"652",0.467791411042945,0.532208588957055,305,347,"Coroa"
"653",0.477794793261868,0.522205206738132,312,341,"Coroa"
"654",0.510703363914373,0.489296636085627,334,320,"Cara"
"655",0.497709923664122,0.502290076335878,326,329,"Coroa"
"656",0.498475609756098,0.501524390243902,327,329,"Coroa"
"657",0.490106544901065,0.509893455098935,322,335,"Coroa"
"658",0.481762917933131,0.518237082066869,317,341,"Coroa"
"659",0.487101669195751,0.512898330804249,321,338,"Coroa"
"660",0.495454545454545,0.504545454545455,327,333,"Coroa"
"661",0.520423600605144,0.479576399394856,344,317,"Cara"
"662",0.509063444108761,0.490936555891239,337,325,"Cara"
"663",0.524886877828054,0.475113122171946,348,315,"Cara"
"664",0.504518072289157,0.495481927710843,335,329,"Cara"
"665",0.505263157894737,0.494736842105263,336,329,"Cara"
"666",0.471471471471471,0.528528528528528,314,352,"Coroa"
"667",0.502248875562219,0.497751124437781,335,332,"Cara"
"668",0.504491017964072,0.495508982035928,337,331,"Cara"
"669",0.475336322869955,0.524663677130045,318,351,"Coroa"
"670",0.5,0.5,335,335,"Empate"
"671",0.470938897168405,0.529061102831595,316,355,"Coroa"
"672",0.464285714285714,0.535714285714286,312,360,"Coroa"
"673",0.491827637444279,0.508172362555721,331,342,"Coroa"
"674",0.482195845697329,0.517804154302671,325,349,"Coroa"
"675",0.503703703703704,0.496296296296296,340,335,"Cara"
"676",0.529585798816568,0.470414201183432,358,318,"Cara"
"677",0.497784342688331,0.502215657311669,337,340,"Coroa"
"678",0.505899705014749,0.494100294985251,343,335,"Cara"
"679",0.483063328424153,0.516936671575847,328,351,"Coroa"
"680",0.492647058823529,0.507352941176471,335,345,"Coroa"
"681",0.515418502202643,0.484581497797357,351,330,"Cara"
"682",0.5,0.5,341,341,"Empate"
"683",0.474377745241581,0.525622254758419,324,359,"Coroa"
"684",0.514619883040936,0.485380116959064,352,332,"Cara"
"685",0.493430656934307,0.506569343065693,338,347,"Coroa"
"686",0.485422740524781,0.514577259475219,333,353,"Coroa"
"687",0.477438136826783,0.522561863173217,328,359,"Coroa"
"688",0.511627906976744,0.488372093023256,352,336,"Cara"
"689",0.523947750362845,0.476052249637155,361,328,"Cara"
"690",0.481159420289855,0.518840579710145,332,358,"Coroa"
"691",0.523878437047757,0.476121562952243,362,329,"Cara"
"692",0.494219653179191,0.505780346820809,342,350,"Coroa"
"693",0.536796536796537,0.463203463203463,372,321,"Cara"
"694",0.494236311239193,0.505763688760807,343,351,"Coroa"
"695",0.458992805755396,0.541007194244604,319,376,"Coroa"
"696",0.5,0.5,348,348,"Empate"
"697",0.469153515064562,0.530846484935438,327,370,"Coroa"
"698",0.518624641833811,0.481375358166189,362,336,"Cara"
"699",0.48068669527897,0.51931330472103,336,363,"Coroa"
"700",0.52,0.48,364,336,"Cara"
"701",0.517831669044223,0.482168330955777,363,338,"Cara"
"702",0.501424501424501,0.498575498575499,352,350,"Cara"
"703",0.499288762446657,0.500711237553343,351,352,"Coroa"
"704",0.498579545454545,0.501420454545455,351,353,"Coroa"
"705",0.531914893617021,0.468085106382979,375,330,"Cara"
"706",0.538243626062323,0.461756373937677,380,326,"Cara"
"707",0.466760961810467,0.533239038189533,330,377,"Coroa"
"708",0.483050847457627,0.516949152542373,342,366,"Coroa"
"709",0.530324400564175,0.469675599435825,376,333,"Cara"
"710",0.51830985915493,0.48169014084507,368,342,"Cara"
"711",0.511954992967651,0.488045007032349,364,347,"Cara"
"712",0.508426966292135,0.491573033707865,362,350,"Cara"
"713",0.490883590462833,0.509116409537167,350,363,"Coroa"
"714",0.497198879551821,0.502801120448179,355,359,"Coroa"
"715",0.482517482517482,0.517482517482518,345,370,"Coroa"
"716",0.495810055865922,0.504189944134078,355,361,"Coroa"
"717",0.521617852161785,0.478382147838215,374,343,"Cara"
"718",0.494428969359331,0.505571030640669,355,363,"Coroa"
"719",0.503477051460362,0.496522948539638,362,357,"Cara"
"720",0.484722222222222,0.515277777777778,349,371,"Coroa"
"721",0.503467406380028,0.496532593619972,363,358,"Cara"
"722",0.506925207756233,0.493074792243767,366,356,"Cara"
"723",0.491009681881051,0.508990318118949,355,368,"Coroa"
"724",0.50828729281768,0.49171270718232,368,356,"Cara"
"725",0.493793103448276,0.506206896551724,358,367,"Coroa"
"726",0.473829201101928,0.526170798898072,344,382,"Coroa"
"727",0.49656121045392,0.50343878954608,361,366,"Coroa"
"728",0.476648351648352,0.523351648351648,347,381,"Coroa"
"729",0.478737997256516,0.521262002743484,349,380,"Coroa"
"730",0.512328767123288,0.487671232876712,374,356,"Cara"
"731",0.528043775649795,0.471956224350205,386,345,"Cara"
"732",0.478142076502732,0.521857923497268,350,382,"Coroa"
"733",0.541609822646658,0.458390177353342,397,336,"Cara"
"734",0.501362397820163,0.498637602179836,368,366,"Cara"
"735",0.510204081632653,0.489795918367347,375,360,"Cara"
"736",0.480978260869565,0.519021739130435,354,382,"Coroa"
"737",0.521031207598372,0.478968792401628,384,353,"Cara"
"738",0.508130081300813,0.491869918699187,375,363,"Cara"
"739",0.489851150202977,0.510148849797023,362,377,"Coroa"
"740",0.497297297297297,0.502702702702703,368,372,"Coroa"
"741",0.499325236167341,0.500674763832659,370,371,"Coroa"
"742",0.501347708894879,0.498652291105121,372,370,"Cara"
"743",0.510094212651413,0.489905787348587,379,364,"Cara"
"744",0.487903225806452,0.512096774193548,363,381,"Coroa"
"745",0.496644295302013,0.503355704697987,370,375,"Coroa"
"746",0.487935656836461,0.512064343163539,364,382,"Coroa"
"747",0.499330655957162,0.500669344042838,373,374,"Coroa"
"748",0.475935828877005,0.524064171122995,356,392,"Coroa"
"749",0.4913217623498,0.5086782376502,368,381,"Coroa"
"750",0.506666666666667,0.493333333333333,380,370,"Cara"
"751",0.513981358189081,0.486018641810919,386,365,"Cara"
"752",0.507978723404255,0.492021276595745,382,370,"Cara"
"753",0.49667994687915,0.50332005312085,374,379,"Coroa"
"754",0.507957559681698,0.492042440318302,383,371,"Cara"
"755",0.48476821192053,0.51523178807947,366,389,"Coroa"
"756",0.481481481481481,0.518518518518518,364,392,"Coroa"
"757",0.500660501981506,0.499339498018494,379,378,"Cara"
"758",0.509234828496042,0.490765171503958,386,372,"Cara"
"759",0.530961791831357,0.469038208168643,403,356,"Cara"
"760",0.511842105263158,0.488157894736842,389,371,"Cara"
"761",0.482260183968463,0.517739816031537,367,394,"Coroa"
"762",0.473753280839895,0.526246719160105,361,401,"Coroa"
"763",0.511140235910878,0.488859764089122,390,373,"Cara"
"764",0.505235602094241,0.494764397905759,386,378,"Cara"
"765",0.501960784313725,0.498039215686275,384,381,"Cara"
"766",0.462140992167102,0.537859007832898,354,412,"Coroa"
"767",0.524119947848761,0.475880052151239,402,365,"Cara"
"768",0.5,0.5,384,384,"Empate"
"769",0.507152145643693,0.492847854356307,390,379,"Cara"
"770",0.468831168831169,0.531168831168831,361,409,"Coroa"
"771",0.50064850843061,0.49935149156939,386,385,"Cara"
"772",0.485751295336788,0.514248704663212,375,397,"Coroa"
"773",0.505821474773609,0.494178525226391,391,382,"Cara"
"774",0.497416020671835,0.502583979328165,385,389,"Coroa"
"775",0.518709677419355,0.481290322580645,402,373,"Cara"
"776",0.498711340206186,0.501288659793814,387,389,"Coroa"
"777",0.503217503217503,0.496782496782497,391,386,"Cara"
"778",0.511568123393316,0.488431876606684,398,380,"Cara"
"779",0.485237483953787,0.514762516046213,378,401,"Coroa"
"780",0.47948717948718,0.520512820512821,374,406,"Coroa"
"781",0.48527528809219,0.514724711907811,379,402,"Coroa"
"782",0.491048593350384,0.508951406649616,384,398,"Coroa"
"783",0.489144316730524,0.510855683269476,383,400,"Coroa"
"784",0.519132653061224,0.480867346938776,407,377,"Cara"
"785",0.495541401273885,0.504458598726115,389,396,"Coroa"
"786",0.487277353689567,0.512722646310433,383,403,"Coroa"
"787",0.462515883100381,0.537484116899619,364,423,"Coroa"
"788",0.522842639593909,0.477157360406091,412,376,"Cara"
"789",0.515842839036755,0.484157160963245,407,382,"Cara"
"790",0.468354430379747,0.531645569620253,370,420,"Coroa"
"791",0.512010113780025,0.487989886219975,405,386,"Cara"
"792",0.483585858585859,0.516414141414141,383,409,"Coroa"
"793",0.461538461538462,0.538461538461538,366,427,"Coroa"
"794",0.473551637279597,0.526448362720403,376,418,"Coroa"
"795",0.511949685534591,0.488050314465409,407,388,"Cara"
"796",0.487437185929648,0.512562814070352,388,408,"Coroa"
"797",0.50564617314931,0.49435382685069,403,394,"Cara"
"798",0.548872180451128,0.451127819548872,438,360,"Cara"
"799",0.533166458072591,0.466833541927409,426,373,"Cara"
"800",0.5125,0.4875,410,390,"Cara"
"801",0.488139825218477,0.511860174781523,391,410,"Coroa"
"802",0.527431421446384,0.472568578553616,423,379,"Cara"
"803",0.521793275217933,0.478206724782067,419,384,"Cara"
"804",0.513681592039801,0.486318407960199,413,391,"Cara"
"805",0.519254658385093,0.480745341614907,418,387,"Cara"
"806",0.503722084367246,0.496277915632754,406,400,"Cara"
"807",0.458488228004957,0.541511771995043,370,437,"Coroa"
"808",0.504950495049505,0.495049504950495,408,400,"Cara"
"809",0.483312731767614,0.516687268232386,391,418,"Coroa"
"810",0.497530864197531,0.502469135802469,403,407,"Coroa"
"811",0.525277435265105,0.474722564734895,426,385,"Cara"
"812",0.502463054187192,0.497536945812808,408,404,"Cara"
"813",0.500615006150061,0.499384993849939,407,406,"Cara"
"814",0.481572481572482,0.518427518427518,392,422,"Coroa"
"815",0.531288343558282,0.468711656441718,433,382,"Cara"
"816",0.479166666666667,0.520833333333333,391,425,"Coroa"
"817",0.534883720930233,0.465116279069767,437,380,"Cara"
"818",0.509779951100245,0.490220048899756,417,401,"Cara"
"819",0.493284493284493,0.506715506715507,404,415,"Coroa"
"820",0.50609756097561,0.49390243902439,415,405,"Cara"
"821",0.464068209500609,0.535931790499391,381,440,"Coroa"
"822",0.490267639902676,0.509732360097324,403,419,"Coroa"
"823",0.524908869987849,0.475091130012151,432,391,"Cara"
"824",0.493932038834951,0.506067961165049,407,417,"Coroa"
"825",0.496969696969697,0.503030303030303,410,415,"Coroa"
"826",0.502421307506053,0.497578692493947,415,411,"Cara"
"827",0.504232164449819,0.495767835550181,417,410,"Cara"
"828",0.508454106280193,0.491545893719807,421,407,"Cara"
"829",0.48854041013269,0.51145958986731,405,424,"Coroa"
"830",0.501204819277108,0.498795180722892,416,414,"Cara"
"831",0.498194945848375,0.501805054151625,414,417,"Coroa"
"832",0.485576923076923,0.514423076923077,404,428,"Coroa"
"833",0.422569027611044,0.577430972388956,352,481,"Coroa"
"834",0.525179856115108,0.474820143884892,438,396,"Cara"
"835",0.47185628742515,0.52814371257485,394,441,"Coroa"
"836",0.496411483253589,0.503588516746411,415,421,"Coroa"
"837",0.499402628434886,0.500597371565114,418,419,"Coroa"
"838",0.482100238663485,0.517899761336515,404,434,"Coroa"
"839",0.510131108462455,0.489868891537545,428,411,"Cara"
"840",0.491666666666667,0.508333333333333,413,427,"Coroa"
"841",0.485136741973841,0.514863258026159,408,433,"Coroa"
"842",0.489311163895487,0.510688836104513,412,430,"Coroa"
"843",0.473309608540925,0.526690391459075,399,444,"Coroa"
"844",0.482227488151659,0.517772511848341,407,437,"Coroa"
"845",0.484023668639053,0.515976331360947,409,436,"Coroa"
"846",0.472813238770686,0.527186761229314,400,446,"Coroa"
"847",0.479338842975207,0.520661157024793,406,441,"Coroa"
"848",0.495283018867925,0.504716981132076,420,428,"Coroa"
"849",0.491166077738516,0.508833922261484,417,432,"Coroa"
"850",0.509411764705882,0.490588235294118,433,417,"Cara"
"851",0.520564042303173,0.479435957696827,443,408,"Cara"
"852",0.518779342723005,0.481220657276995,442,410,"Cara"
"853",0.492379835873388,0.507620164126612,420,433,"Coroa"
"854",0.488290398126464,0.511709601873536,417,437,"Coroa"
"855",0.509941520467836,0.490058479532164,436,419,"Cara"
"856",0.507009345794392,0.492990654205608,434,422,"Cara"
"857",0.485414235705951,0.514585764294049,416,441,"Coroa"
"858",0.473193473193473,0.526806526806527,406,452,"Coroa"
"859",0.533178114086147,0.466821885913853,458,401,"Cara"
"860",0.5,0.5,430,430,"Empate"
"861",0.493612078977933,0.506387921022067,425,436,"Coroa"
"862",0.516241299303944,0.483758700696056,445,417,"Cara"
"863",0.511008111239861,0.488991888760139,441,422,"Cara"
"864",0.538194444444444,0.461805555555556,465,399,"Cara"
"865",0.49364161849711,0.50635838150289,427,438,"Coroa"
"866",0.511547344110854,0.488452655889145,443,423,"Cara"
"867",0.499423298731257,0.500576701268743,433,434,"Coroa"
"868",0.509216589861751,0.490783410138249,442,426,"Cara"
"869",0.518987341772152,0.481012658227848,451,418,"Cara"
"870",0.47816091954023,0.52183908045977,416,454,"Coroa"
"871",0.524684270952928,0.475315729047072,457,414,"Cara"
"872",0.51605504587156,0.48394495412844,450,422,"Cara"
"873",0.516609392898053,0.483390607101947,451,422,"Cara"
"874",0.48512585812357,0.51487414187643,424,450,"Coroa"
"875",0.514285714285714,0.485714285714286,450,425,"Cara"
"876",0.471461187214612,0.528538812785388,413,463,"Coroa"
"877",0.493728620296465,0.506271379703535,433,444,"Coroa"
"878",0.519362186788155,0.480637813211845,456,422,"Cara"
"879",0.489192263936291,0.510807736063709,430,449,"Coroa"
"880",0.518181818181818,0.481818181818182,456,424,"Cara"
"881",0.485811577752554,0.514188422247446,428,453,"Coroa"
"882",0.494331065759637,0.505668934240363,436,446,"Coroa"
"883",0.483578708946772,0.516421291053228,427,456,"Coroa"
"884",0.51131221719457,0.48868778280543,452,432,"Cara"
"885",0.491525423728814,0.508474576271186,435,450,"Coroa"
"886",0.479683972911964,0.520316027088036,425,461,"Coroa"
"887",0.521984216459978,0.478015783540023,463,424,"Cara"
"888",0.487612612612613,0.512387387387387,433,455,"Coroa"
"889",0.499437570303712,0.500562429696288,444,445,"Coroa"
"890",0.526966292134831,0.473033707865169,469,421,"Cara"
"891",0.498316498316498,0.501683501683502,444,447,"Coroa"
"892",0.51457399103139,0.48542600896861,459,433,"Cara"
"893",0.524076147816349,0.475923852183651,468,425,"Cara"
"894",0.497762863534676,0.502237136465324,445,449,"Coroa"
"895",0.512849162011173,0.487150837988827,459,436,"Cara"
"896",0.466517857142857,0.533482142857143,418,478,"Coroa"
"897",0.497212931995541,0.502787068004459,446,451,"Coroa"
"898",0.507795100222717,0.492204899777283,456,442,"Cara"
"899",0.510567296996663,0.489432703003337,459,440,"Cara"
"900",0.5,0.5,450,450,"Empate"
"901",0.498335183129856,0.501664816870144,449,452,"Coroa"
"902",0.501108647450111,0.498891352549889,452,450,"Cara"
"903",0.516057585825028,0.483942414174972,466,437,"Cara"
"904",0.498893805309735,0.501106194690266,451,453,"Coroa"
"905",0.496132596685083,0.503867403314917,449,456,"Coroa"
"906",0.497792494481236,0.502207505518764,451,455,"Coroa"
"907",0.504961411245865,0.495038588754135,458,449,"Cara"
"908",0.472466960352423,0.527533039647577,429,479,"Coroa"
"909",0.507150715071507,0.492849284928493,461,448,"Cara"
"910",0.515384615384615,0.484615384615385,469,441,"Cara"
"911",0.493962678375412,0.506037321624588,450,461,"Coroa"
"912",0.508771929824561,0.491228070175439,464,448,"Cara"
"913",0.492880613362541,0.507119386637459,450,463,"Coroa"
"914",0.518599562363239,0.481400437636761,474,440,"Cara"
"915",0.514754098360656,0.485245901639344,471,444,"Cara"
"916",0.48471615720524,0.51528384279476,444,472,"Coroa"
"917",0.500545256270447,0.499454743729553,459,458,"Cara"
"918",0.505446623093682,0.494553376906318,464,454,"Cara"
"919",0.499455930359086,0.500544069640914,459,460,"Coroa"
"920",0.48804347826087,0.51195652173913,449,471,"Coroa"
"921",0.512486427795874,0.487513572204126,472,449,"Cara"
"922",0.493492407809111,0.506507592190889,455,467,"Coroa"
"923",0.515709642470206,0.484290357529794,476,447,"Cara"
"924",0.493506493506494,0.506493506493506,456,468,"Coroa"
"925",0.513513513513513,0.486486486486487,475,450,"Cara"
"926",0.512958963282937,0.487041036717063,475,451,"Cara"
"927",0.494066882416397,0.505933117583603,458,469,"Coroa"
"928",0.502155172413793,0.497844827586207,466,462,"Cara"
"929",0.4994617868676,0.5005382131324,464,465,"Coroa"
"930",0.498924731182796,0.501075268817204,464,466,"Coroa"
"931",0.498388829215897,0.501611170784103,464,467,"Coroa"
"932",0.510729613733906,0.489270386266094,476,456,"Cara"
"933",0.486602357984995,0.513397642015005,454,479,"Coroa"
"934",0.490364025695931,0.509635974304068,458,476,"Coroa"
"935",0.485561497326203,0.514438502673797,454,481,"Coroa"
"936",0.473290598290598,0.526709401709402,443,493,"Coroa"
"937",0.489861259338314,0.510138740661686,459,478,"Coroa"
"938",0.489339019189765,0.510660980810235,459,479,"Coroa"
"939",0.504792332268371,0.495207667731629,474,465,"Cara"
"940",0.484042553191489,0.515957446808511,455,485,"Coroa"
"941",0.494155154091392,0.505844845908608,465,476,"Coroa"
"942",0.512738853503185,0.487261146496815,483,459,"Cara"
"943",0.506892895015907,0.493107104984093,478,465,"Cara"
"944",0.508474576271186,0.491525423728814,480,464,"Cara"
"945",0.499470899470899,0.5005291005291,472,473,"Coroa"
"946",0.472515856236786,0.527484143763214,447,499,"Coroa"
"947",0.500527983104541,0.499472016895459,474,473,"Cara"
"948",0.505274261603376,0.494725738396624,479,469,"Cara"
"949",0.476290832455216,0.523709167544784,452,497,"Coroa"
"950",0.530526315789474,0.469473684210526,504,446,"Cara"
"951",0.523659305993691,0.476340694006309,498,453,"Cara"
"952",0.474789915966387,0.525210084033613,452,500,"Coroa"
"953",0.519412381951731,0.480587618048269,495,458,"Cara"
"954",0.471698113207547,0.528301886792453,450,504,"Coroa"
"955",0.496335078534031,0.503664921465969,474,481,"Coroa"
"956",0.476987447698745,0.523012552301255,456,500,"Coroa"
"957",0.503657262277952,0.496342737722048,482,475,"Cara"
"958",0.483298538622129,0.516701461377871,463,495,"Coroa"
"959",0.525547445255474,0.474452554744526,504,455,"Cara"
"960",0.5,0.5,480,480,"Empate"
"961",0.502601456815817,0.497398543184183,483,478,"Cara"
"962",0.494802494802495,0.505197505197505,476,486,"Coroa"
"963",0.489096573208723,0.510903426791277,471,492,"Coroa"
"964",0.489626556016597,0.510373443983402,472,492,"Coroa"
"965",0.524352331606218,0.475647668393782,506,459,"Cara"
"966",0.5351966873706,0.4648033126294,517,449,"Cara"
"967",0.489141675284385,0.510858324715615,473,494,"Coroa"
"968",0.507231404958678,0.492768595041322,491,477,"Cara"
"969",0.493292053663571,0.506707946336429,478,491,"Coroa"
"970",0.490721649484536,0.509278350515464,476,494,"Coroa"
"971",0.493305870236869,0.506694129763131,479,492,"Coroa"
"972",0.475308641975309,0.524691358024691,462,510,"Coroa"
"973",0.517985611510791,0.482014388489209,504,469,"Cara"
"974",0.475359342915811,0.524640657084189,463,511,"Coroa"
"975",0.497435897435897,0.502564102564103,485,490,"Coroa"
"976",0.511270491803279,0.488729508196721,499,477,"Cara"
"977",0.507676560900716,0.492323439099283,496,481,"Cara"
"978",0.482617586912065,0.517382413087935,472,506,"Coroa"
"979",0.529111338100102,0.470888661899898,518,461,"Cara"
"980",0.495918367346939,0.504081632653061,486,494,"Coroa"
"981",0.508664627930683,0.491335372069317,499,482,"Cara"
"982",0.519348268839104,0.480651731160896,510,472,"Cara"
"983",0.49440488301119,0.50559511698881,486,497,"Coroa"
"984",0.484756097560976,0.515243902439024,477,507,"Coroa"
"985",0.503553299492386,0.496446700507614,496,489,"Cara"
"986",0.493914807302231,0.506085192697769,487,499,"Coroa"
"987",0.495440729483283,0.504559270516717,489,498,"Coroa"
"988",0.510121457489879,0.489878542510121,504,484,"Cara"
"989",0.494438827098079,0.505561172901921,489,500,"Coroa"
"990",0.507070707070707,0.492929292929293,502,488,"Cara"
"991",0.514631685166498,0.485368314833502,510,481,"Cara"
"992",0.486895161290323,0.513104838709677,483,509,"Coroa"
"993",0.505538771399799,0.494461228600201,502,491,"Cara"
"994",0.505030181086519,0.494969818913481,502,492,"Cara"
"995",0.50251256281407,0.49748743718593,500,495,"Cara"
"996",0.501004016064257,0.498995983935743,499,497,"Cara"
"997",0.504513540621866,0.495486459378134,503,494,"Cara"
"998",0.514028056112224,0.485971943887776,513,485,"Cara"
"999",0.479479479479479,0.520520520520521,479,520,"Coroa"
"1000",0.521,0.479,521,479,"Cara"
